Site,PCoA-1,PCoA-2,PCoA-3
797.27.HA.RightPalm,-9.984864218,-5.165714213,12.7227698
797.50.HA.RightPalm,22.38613779,1.528098677,0.011122138
797.46.HA.LeftPalm,-8.4194952,5.75360947,3.435280627
797.29.HA.LeftPalm,28.03480774,-10.8330533,-6.880738394
797.64.HB.LeftPalm,-15.41452983,1.129181867,-0.758358192
797.55.HB.LeftPalm,-62.02875049,-1.442319297,0.066451456
797.50.HB.Forehead,-42.89297704,2.265531047,5.357536579
797.35.HA.Forehead,-37.12688209,-7.290684487,-5.840511435
797.66.HC.RightPalm,-27.58213746,1.364046188,5.287157476
797.66.CB.FrontLeftPaw,24.01027303,7.535795083,2.603944746
797.53.CA.FrontLeftPaw,26.77732169,11.16771625,-2.48729515
797.45.CA.Forehead,18.76966605,5.062051636,6.425517203
797.45.CA.BackRightPaw,29.0450183,6.657999858,2.528721703
797.26.CA.BackRightPaw,13.7492189,-1.749575474,-1.196269843
797.53.CA.Forehead,26.2897073,5.936031037,2.533412372
797.50.CA.BackLeftPaw,28.30900508,7.010191235,3.12721557
797.53.CA.BackLeftPaw,25.46637459,6.573824618,3.933679413
797.52.CB.Forehead,25.57416589,7.421246108,2.294064851
797.50.CB.Forehead,6.630830688,8.665704924,1.413340266
797.53.CB.BackLeftPaw,29.42978579,6.538360693,2.588947665
797.50.CA.BackRightPaw,26.26647008,7.000609152,2.881726666
797.48.HC.RightPalm,-69.79822685,-0.568736735,0.488140834
797.52.HB.RightPalm,0.132835134,5.678393728,6.830131426
797.64.CB.FrontLeftPaw,29.11844356,6.75223183,2.836729466
797.64.CA.FrontLeftPaw,27.29966781,6.111658649,4.482041793
797.53.CB.FrontLeftPaw,28.47024703,6.304583657,4.712004758
797.57.CA.BackRightPaw,29.1609618,6.949315704,2.678628164
797.52.CA.BackLeftPaw,25.55938034,8.916935758,0.98844702
797.64.CB.Forehead,23.3342827,5.838496321,1.383778623
797.66.CB.BackLeftPaw,23.80237118,8.484590538,4.449820346
797.52.CB.BackRightPaw,28.25434259,7.279703385,2.659880849
797.64.CA.BackLeftPaw,28.22195782,6.917897263,3.018568195
797.46.CA.BackRightPaw,26.19355054,6.997844549,2.589403402
797.53.CB.BackRightPaw,29.37320836,7.29108164,3.104655455
797.27.HA.LeftPalm,-40.60265026,-3.846429823,3.721623807
797.46.CB.Tongue,29.72448141,8.328768395,3.676114517
797.63.HA.LeftPalm,19.74133106,-30.99125443,-11.31251886
797.50.HA.Forehead,13.41780932,5.399279436,1.644005857
797.07.HA.Forehead,22.19119544,6.194863872,4.804661125
797.68.HC.Forehead,-32.13762267,-40.69898017,-28.10979504
797.64.CB.Tongue,30.07966493,9.238763559,5.197544241
797.07.CA.Tongue,30.78794981,11.70762062,6.524481877
797.49.HC.LeftPalm,-34.22012403,13.2535467,-5.999004058
797.19.HB.LeftPalm,9.50324351,8.40958128,-5.581590521
797.61.HB.Stool,30.59088476,18.47315782,-9.825032213
797.31.HA.Stool,30.99531102,19.24970807,-10.0856902
797.49.HC.Stool,31.34385688,21.78752574,-9.900988602
797.43.HA.Stool,33.22153147,36.79361902,-28.42323801
797.40.HA.Stool,31.00348347,20.26719334,-11.14603117
797.55.HB.Stool,30.85858376,17.38636102,-9.05164408
797.54.HA.Stool,33.12230955,35.15296741,-26.75060895
797.55.HC.Stool,31.2704656,20.72081336,-10.97057284
797.14.HB.Stool,30.89990882,19.01791534,-9.749803361
797.05.HB.Stool,31.82146702,25.56393819,-16.7019951
797.35.HA.Stool,31.53739244,23.72247061,-14.83246464
797.03.HB.Stool,31.77700978,24.19154085,-14.74959215
797.36.HB.Stool,30.76655002,19.15596941,-9.841956976
797.37.HA.Stool,32.19145403,28.23310016,-19.34532787
797.20.HA.Stool,31.76835121,25.39052687,-16.54633158
797.62.HA.Stool,33.04579915,34.61290726,-26.09928306
797.07.HA.Stool,30.68240204,16.13964671,-6.248957375
797.41.HC.Stool,31.62376563,25.82434736,-17.10357723
797.27.HA.Stool,30.24350068,14.58341767,-5.186048447
797.64.HA.Stool,32.26038755,29.11400544,-20.42985674
797.14.HA.Stool,30.71143616,18.54931702,-9.469258076
797.02.HB.Stool,31.78670104,24.26375493,-11.41532706
797.45.HB.Stool,32.16258741,29.0085483,-20.61610817
797.62.HD.Stool,31.5022697,23.61969112,-14.7133102
797.03.HA.Stool,28.55914915,9.887832626,-0.659427362
797.24.HA.Stool,30.47182772,16.79140147,-7.886659308
797.19.HB.Stool,30.31132281,14.6793012,-4.768009423
797.19.HA.Stool,31.67497443,26.21045163,-17.53857032
797.39.HB.Stool,29.62827083,9.474414405,-1.540537222
797.36.HA.Stool,30.8189831,18.60690261,-9.677620207
797.13.HA.Stool,31.34537224,22.2790725,-13.37718887
797.24.HB.Stool,33.5366805,34.1991556,-12.71437734
797.63.HB.Stool,30.9321085,18.49993813,-5.970073383
797.04.HA.Stool,30.97565265,19.85753428,-10.35772797
797.64.HB.Stool,31.39188243,23.7086544,-15.21485021
797.764.LeftPalm,30.93315257,19.96510117,-10.86655358
797.1148.LeftPalm,31.54125642,23.34198538,-14.09611085
797.68.HA.Stool,31.453448,23.33726172,-14.64991838
797.1106.Stool,31.53133081,24.23439658,-15.67877577
797.57.HA.RightPalm,-61.18408292,2.344626423,1.533236878
797.07.CA.FrontLeftPaw,28.52139575,8.410212914,2.592532581
797.06.CB.Forehead,25.58247313,8.782505053,2.427374447
797.66.HB.Forehead,14.56506792,-48.06517702,-27.78074066
797.45.CA.FrontLeftPaw,26.37568573,8.0378384,1.675813712
797.46.CA.FrontLeftPaw,28.23874986,6.349815368,3.231904076
797.46.CA.BackLeftPaw,24.17494955,7.029405007,2.239301601
797.1020.RightPalm,-12.24236021,0.291286333,4.035995386
797.1106.RightPalm,18.97629067,1.318307136,2.258719081
797.07.CB.BackLeftPaw,29.37314213,7.653693829,2.7673038
797.57.HB.Stool,31.36185713,24.17631482,-15.91364764
797.54.HC.Forehead,2.97843365,-2.134678651,0.617840126
797.27.HB.LeftPalm,-8.690021647,-0.459980668,8.825277284
797.42.HB.Tongue,32.22450831,-13.77786079,20.39614011
797.20.HB.Tongue,32.26214199,-10.04205428,27.21831267
797.57.HA.Tongue,32.04179094,-5.483075742,29.7794653
797.64.HA.Tongue,32.69345306,-9.450706695,34.04962756
797.30.HA.LeftPalm,13.21126622,6.659949407,2.277807349
797.41.HE.RightPalm,29.18899593,-10.26406168,-4.227078673
797.57.HB.LeftPalm,11.5691754,-19.19290959,-11.8370496
797.21.HC.LeftPalm,-24.99535058,-4.23563406,-2.434673482
797.17.HA.RightPalm,23.27877572,-47.88613875,-30.82071935
797.61.HD.RightPalm,17.21565299,-21.10637399,-6.292760688
797.69.HB.LeftPalm,-64.26832925,2.537894574,1.818401843
797.41.HC.RightPalm,7.697568955,-13.82698289,-3.457721524
797.66.HB.RightPalm,-5.768028889,-16.99513657,-3.800016292
797.64.HB.RightPalm,1.113477036,-0.173708374,1.081420816
797.30.HB.RightPalm,16.91431654,-15.90188439,-5.021991125
797.29.HD.LeftPalm,-15.56483133,-21.36534501,-1.603687911
797.41.HC.LeftPalm,22.77882247,-15.06682216,-2.75493204
797.57.HB.RightPalm,2.930003235,3.969131874,6.184575804
797.69.HA.LeftPalm,-71.48447969,3.714861364,1.741608573
797.46.HA.RightPalm,15.71806557,8.772804783,0.936277058
797.31.HA.LeftPalm,-70.32509421,2.750287331,2.069557032
797.37.HB.RightPalm,-53.88244562,-0.976948507,4.567007147
797.43.HB.RightPalm,-69.09306439,-1.272289895,-4.407487564
797.22.HB.RightPalm,-12.39381227,0.334322127,1.915442797
797.66.HB.LeftPalm,17.24515118,-42.46534579,-24.22237474
797.50.HB.RightPalm,20.636649,4.174130968,5.754152564
797.55.HC.RightPalm,27.59854507,-31.3248637,-14.46731374
797.41.HC.Forehead,6.201033832,-20.7142212,-6.288035334
797.43.HC.Forehead,9.616585737,-24.7620811,-5.756977378
797.62.HA.Forehead,28.55082745,-29.88563182,-11.01026676
797.54.HB.Forehead,-136.7541454,2.717088306,0.405889859
797.56.HA.Forehead,26.51360775,-29.03256022,-13.74373028
797.52.HB.Forehead,-136.7139924,3.027999203,2.429878507
797.29.HA.Forehead,30.87524605,-66.36855157,-47.91069778
797.50.CB.FrontLeftPaw,18.22014155,6.612536339,2.620550392
797.46.CB.BackLeftPaw,29.14421515,6.820664505,2.435547659
797.30.CA.BackLeftPaw,24.21175723,6.951106702,2.908385694
797.57.CA.FrontLeftPaw,28.1376002,6.837743607,2.666885014
797.52.CB.FrontLeftPaw,25.41607903,7.397011556,3.211553082
797.45.CA.BackLeftPaw,23.38607454,6.905758148,3.230442788
797.52.CA.FrontLeftPaw,26.68154414,9.322607314,1.007291089
797.66.CA.FrontLeftPaw,17.07286186,7.302301792,4.667108199
797.06.CB.FrontLeftPaw,27.63276542,9.266012094,1.379762326
797.48.CA.BackLeftPaw,6.363320937,6.547851452,2.491524552
797.49.CB.FrontLeftPaw,24.53016782,12.73513901,-0.417624152
797.64.CA.BackRightPaw,28.12829931,6.818070803,2.672990358
797.64.CB.BackLeftPaw,29.10287832,6.798780511,2.623601855
797.52.CA.BackRightPaw,25.60739456,9.114635046,1.623374864
797.373.RightPalm,4.447505023,0.689341158,2.782835347
797.57.CA.BackLeftPaw,29.17162124,7.263038723,2.154043024
797.30.CA.Forehead,25.17155839,6.640939005,3.284292261
797.50.CA.Forehead,24.28588554,6.923541107,3.23965958
797.07.CB.BackRightPaw,28.67213789,8.473769827,3.534414242
797.19.CA.BackRightPaw,29.40739502,7.645139681,2.61039674
797.46.CB.Forehead,24.31172264,6.530724118,3.424651866
797.46.CA.Forehead,22.56654146,7.278575746,4.058826423
797.53.CA.BackRightPaw,25.64235275,8.602858742,2.389756155
797.64.CA.Forehead,-11.16060615,3.568142394,6.710726828
797.64.CB.BackRightPaw,28.06303885,6.71968272,2.528866425
797.46.CB.BackRightPaw,28.12665325,6.827186841,2.440565289
797.66.CB.BackRightPaw,17.20348447,6.774153461,3.413906006
797.48.CA.Forehead,5.507921416,6.112375881,3.434775042
797.56.CA.BackLeftPaw,28.11638281,10.43933347,-3.022632107
797.71.CA.BackRightPaw,-46.40416733,6.43969825,2.216270547
797.49.CA.BackRightPaw,16.29963132,11.55912791,-1.681611733
797.52.CB.BackLeftPaw,27.24523416,5.282063456,1.754707439
797.53.CB.Forehead,29.24314371,6.90849308,2.876967409
797.71.CA.BackLeftPaw,24.97116779,8.980247226,4.149905841
797.30.CA.BackRightPaw,23.30820537,7.192853254,2.942705102
797.17.CA.BackRightPaw,29.99220543,3.591732842,8.830707948
797.49.CB.Forehead,12.18741002,11.88382879,-0.523009026
797.06.CA.BackRightPaw,27.27972707,6.786389624,1.597883775
797.71.CA.Forehead,6.568932835,9.307824372,2.948767275
797.56.HB.RightPalm,-3.662572456,-4.260939734,2.928063941
797.25.HB.Stool,31.71191619,25.05329161,-15.94798885
797.56.HA.Stool,31.66475387,24.00518293,-15.01193478
797.29.HA.Stool,32.61253579,33.2418523,-25.26239218
797.26.HA.Stool,33.081549,36.44057068,-28.46622969
797.31.HB.Stool,32.32283569,27.43309488,-10.58159836
797.1148.RightPalm,-40.16190619,3.900991147,1.094768995
797.18.CC.FrontLeftPaw,29.77698522,9.782706639,2.531028489
797.52.CA.Forehead,23.89004358,9.499083269,0.956867312
797.49.HA.RightPalm,-37.98071278,7.152419012,1.388441915
797.45.HA.RightPalm,-18.18042257,-0.871391173,1.761074877
797.51.HA.RightPalm,-5.220527049,9.013828351,0.699950635
797.57.HA.Forehead,-128.9630627,3.871859837,1.740390228
797.71.HC.RightPalm,21.84267584,-7.26972896,5.384007722
797.49.CA.BackLeftPaw,-0.025808078,9.233255536,-0.709690908
797.71.CB.FrontLeftPaw,19.87939166,12.49591672,0.586833594
797.49.CA.FrontLeftPaw,22.44103552,7.522964277,2.882723991
797.66.CA.BackLeftPaw,27.64356307,8.388816887,4.800006677
797.49.CA.Forehead,8.086019403,8.612460028,1.542371496
797.62.HD.RightPalm,-19.70321822,3.777098101,2.463851829
797.49.HB.RightPalm,7.440122277,2.124521019,-0.229910969
797.04.HA.RightPalm,-33.75691156,-24.511064,-14.17258529
797.59.HD.RightPalm,-22.8852759,-2.165752051,5.115307256
797.30.HA.RightPalm,20.13722855,6.690366884,2.413319123
797.45.HA.LeftPalm,-13.95141611,-1.905404759,3.666566376
797.44.HA.LeftPalm,-3.059548748,-39.58274588,-26.09689456
797.55.HA.LeftPalm,3.619319258,-10.86038068,-0.259917874
797.45.HB.LeftPalm,-105.60239,3.32517437,5.5051632
797.48.HC.LeftPalm,-47.27391018,-14.93681578,-7.350082294
797.35.HB.LeftPalm,21.30739714,-4.180252276,0.223936145
797.61.HB.RightPalm,5.25622452,2.607394988,2.62681092
797.56.HC.RightPalm,-62.74813644,6.932563031,-0.21012391
797.63.HC.LeftPalm,28.54998626,-52.27118968,-31.97143481
797.29.HB.LeftPalm,31.31231916,-20.67558608,-8.214439789
797.63.HD.RightPalm,-83.85458863,-0.604047716,2.333996405
797.21.HA.LeftPalm,-104.7033285,-1.746601094,-1.078965027
797.37.HA.RightPalm,-110.0609987,4.512369181,1.998441489
797.29.HD.RightPalm,-14.76780376,-12.37788129,7.300700409
797.21.HC.RightPalm,-36.89429181,-6.71607354,-5.835828236
797.56.HA.LeftPalm,30.56090412,-27.39649594,-10.16195701
797.22.HB.LeftPalm,-11.42871301,1.032883269,1.058659983
797.42.HC.LeftPalm,-9.171332229,7.588159568,-0.478312559
797.55.HC.LeftPalm,20.71309809,-11.0092516,2.177843131
797.41.HE.LeftPalm,22.82467193,-34.87871016,-18.7908184
797.19.HA.RightPalm,-0.908488827,-2.128639587,9.417963593
797.12.HA.RightPalm,24.7430917,-53.41196081,-32.43777548
797.53.HA.RightPalm,23.14467742,5.07976147,2.227505932
797.63.HC.RightPalm,26.00500796,-40.81658767,-24.79169405
797.04.HB.RightPalm,10.45505134,-46.46315333,-27.25642303
797.38.HA.LeftPalm,-122.2212355,4.306495369,1.468491244
797.61.HC.LeftPalm,21.0751064,-40.82754635,-22.81561527
797.19.HA.LeftPalm,-14.38039863,-14.54346855,-6.282412527
797.35.HD.LeftPalm,31.7827759,-49.97631856,-25.16069675
797.69.HB.Forehead,-118.9418248,1.684681833,0.543568217
797.63.HB.Forehead,18.75965424,-16.20787535,-18.06757703
797.29.HD.Forehead,-60.3367624,-3.401946351,4.336825045
797.27.HA.Forehead,-57.28544023,-7.625929014,-0.272433694
797.63.HA.Forehead,6.10003483,-11.98256001,3.578016961
797.71.HA.RightPalm,-4.210931185,8.301808969,6.271850793
797.30.HA.Forehead,-127.7342802,3.526424681,2.338684177
797.29.HB.Forehead,24.18352767,-14.15187792,-5.349786889
797.02.HC.Forehead,14.7700129,-18.17146201,-8.267594454
797.51.HA.Forehead,-148.7966356,3.65304818,1.540833094
797.68.HB.RightPalm,20.25953645,5.109756255,1.121691566
797.19.HA.Forehead,-93.14158696,-7.697667822,-2.436759955
797.71.HB.Forehead,24.97949971,-4.423841148,-0.32208723
797.27.HB.Forehead,-66.43636182,-5.722601183,-0.757347108
797.27.CA.FrontLeftPaw,26.58250667,7.851001756,2.273586323
797.17.CB.FrontLeftPaw,29.66031079,7.281050964,4.18470566
797.56.CA.FrontLeftPaw,24.1326689,12.81796014,-2.308645593
797.18.CA.BackLeftPaw,28.94779187,8.117576186,4.834680736
797.06.CA.FrontLeftPaw,26.89059546,11.65858737,-0.048249611
797.06.CA.BackLeftPaw,23.38610117,7.490616665,3.023333943
797.19.CA.FrontLeftPaw,26.56945621,9.177799187,0.965480167
797.31.CA.BackLeftPaw,29.36733911,7.453534544,2.516156209
797.19.CA.BackLeftPaw,27.31228392,6.588200653,3.373997754
797.03.CA.BackLeftPaw,15.50592606,6.021394185,5.027297076
797.31.CA.FrontLeftPaw,29.48659398,6.562795695,2.739026772
797.27.CA.BackLeftPaw,27.96557035,4.849231643,0.310641691
797.06.CB.BackLeftPaw,25.8316278,8.9300455,1.43160154
797.50.CB.BackRightPaw,26.11347032,6.844855538,2.561532037
797.06.CB.BackRightPaw,29.4150635,8.730188546,1.656541974
797.373.LeftPalm,1.104446055,5.166810763,0.867969892
797.56.CA.Forehead,12.06765837,-3.125749637,-4.086462534
797.1075.Forehead,-2.636677027,-8.133982831,-4.255664217
797.07.CB.Forehead,30.76350365,11.7355479,6.644155286
797.1106.LeftPalm,6.543753886,-11.96253928,-7.955882188
797.1249.RightPalm,16.77583207,3.723935278,2.536028112
797.56.CA.BackRightPaw,22.9110522,10.93852275,-0.37872206
797.48.CA.BackRightPaw,-1.544408911,6.783895194,2.808036101
797.1020.Tongue,-70.94863604,-0.089746029,2.368888798
797.1253.LeftPalm,27.27473529,5.039632841,3.910095688
797.07.CA.Forehead,30.11710092,12.6767076,7.426568809
797.1402.LeftPalm,17.59032745,-9.641805039,2.031809076
797.1075.LeftPalm,-2.027924858,6.499468913,-6.128733693
797.66.CA.BackRightPaw,21.723375,5.470745071,4.793344867
797.27.CA.Forehead,29.7175747,-11.46905843,14.04327681
797.1020.Forehead,-24.22279815,-0.640063071,0.99078347
797.49.CB.BackRightPaw,15.99853147,16.03087391,-4.385199368
797.62.HE.RightPalm,15.39627701,-8.805955793,-1.17662581
797.17.HB.LeftPalm,10.07145545,2.831558333,7.721948498
797.42.HB.RightPalm,31.47482243,-47.85707756,-28.59876925
797.50.HA.LeftPalm,19.38265959,-22.93729604,-18.81892663
797.61.HD.LeftPalm,23.40525963,-23.52471249,-9.582939306
797.25.HB.Tongue,32.48470833,-8.822086907,32.81997668
797.45.HA.Tongue,32.27789845,-7.183004818,37.25005053
797.31.HB.Tongue,32.25867825,-8.485520391,32.33201273
797.36.HB.Tongue,32.31738394,-10.95248128,27.16456876
797.07.HB.Tongue,31.73858487,-6.531455344,27.50071529
797.07.HA.Tongue,31.61567969,-9.514999887,20.48829149
797.20.HA.Tongue,31.5824412,-21.1036613,1.707717085
797.19.HA.Tongue,33.13310532,-17.26181417,30.06812151
797.31.HA.Tongue,31.45325792,-9.017641416,19.14139219
797.29.HD.Tongue,31.91102933,-5.938187202,30.7888947
797.46.HA.Tongue,32.25254817,-6.039393426,34.66243323
797.17.HB.Tongue,31.85566538,-6.267451789,28.4255018
797.26.HB.Forehead,28.72552096,-31.34207245,-11.84245913
797.54.HB.Tongue,32.91771337,-8.784498432,42.33225443
797.61.HB.Tongue,31.73585089,-7.742397552,24.14981678
797.52.HA.Tongue,31.6501055,-5.89761003,25.7962967
797.51.HB.Tongue,32.52364589,-10.54306544,31.49167727
797.1249.LeftPalm,30.31609488,15.21962542,-6.060665493
797.69.HB.Stool,29.45698736,9.333054462,0.00926319
797.1106.Tongue,30.81079284,-2.621941388,16.92546108
797.42.HD.RightPalm,23.28116187,-6.170210194,7.438009967
797.22.HA.LeftPalm,10.26728975,-6.433985307,3.174865835
797.23.HA.RightPalm,-114.4797022,-4.703978066,-3.88520091
797.63.HB.RightPalm,15.44373228,-27.56331451,-18.31525738
797.44.HC.RightPalm,-24.98702666,0.470854116,0.06988216
797.62.HB.RightPalm,18.54163679,-15.41211334,-8.646073063
797.42.HA.RightPalm,-93.50522154,0.343735701,5.207774809
797.42.HB.LeftPalm,31.94760309,-1.479453592,-12.63219934
797.54.HC.LeftPalm,7.75617833,-16.95426092,-7.105202884
797.06.HA.RightPalm,16.75764792,4.154850768,8.585006455
797.44.HC.LeftPalm,-12.16508199,14.69555875,-9.396582084
797.54.HD.RightPalm,21.94781074,-16.29810762,-4.904887857
797.64.HA.RightPalm,-2.618337909,3.19315299,1.019142264
797.24.HA.RightPalm,-116.5090103,-3.21197654,-2.401104115
797.62.HC.RightPalm,-47.24268465,-0.215753314,1.897075514
797.56.HB.LeftPalm,-4.11290189,-23.47501899,-15.2241169
797.23.HA.LeftPalm,-128.9810075,3.72749322,2.010929827
797.37.HB.LeftPalm,-56.37217409,3.32527539,2.715383358
797.35.HC.RightPalm,18.82400481,-21.89531401,-12.74370565
797.42.HD.LeftPalm,29.23974216,-3.663460495,-3.588856563
797.71.HC.LeftPalm,20.23342972,-46.5433101,-27.47713388
797.25.HB.RightPalm,-103.3269193,3.247340301,1.72255637
797.27.HB.RightPalm,-79.16293854,2.227785632,3.374935705
797.54.HB.RightPalm,-66.66201827,-4.152182996,-2.688061868
797.48.HB.Tongue,32.86844247,-54.32402411,-27.2733445
797.23.HB.Forehead,-141.7167513,4.004430317,1.440804435
797.38.HA.Forehead,-129.9827436,3.706489311,1.914819046
797.22.HB.Tongue,31.65373209,-14.46765451,12.06625457
797.71.HC.Forehead,-49.5024344,4.1112762,3.732771721
797.24.HB.Forehead,-138.7131944,3.411203306,2.787525886
797.64.HA.Forehead,-111.0399875,1.935249311,0.311063047
797.41.HD.Tongue,32.03251279,-27.98666042,-3.379710427
797.37.HA.Tongue,31.93309856,-16.03981094,13.80120226
797.23.HA.Forehead,-138.7267469,3.603982212,2.14660664
797.02.HA.Tongue,31.58622263,-20.81504317,1.162690079
797.41.HB.Forehead,19.86310384,-17.45682131,10.68739376
797.54.HD.Forehead,-11.88640023,-8.851274623,-3.432480188
797.42.HD.Tongue,32.23493808,-12.64854869,22.79924447
797.48.HC.Tongue,32.43852021,-37.94704286,-9.843773111
797.49.HA.Tongue,29.66044291,-25.13958708,-8.170650228
797.55.HA.Forehead,-101.5142939,0.046358216,3.577996552
797.23.HB.Tongue,31.50672428,-8.011465595,20.0959938
797.38.HA.Tongue,31.57033718,-12.87704127,12.1583339
797.35.HD.Forehead,30.89752951,-54.12516289,-28.75548098
797.68.HA.RightPalm,-45.48367356,-26.25952311,-14.60132853
797.44.HC.Forehead,-99.19894748,5.359430592,0.903238562
797.54.HA.Forehead,-122.878347,4.009867998,2.311209492
797.27.HB.Tongue,32.28492263,-6.853918193,32.18713083
797.68.HA.Tongue,31.37442401,-27.21403947,-8.177881913
797.1249.Forehead,-4.228641133,2.584121515,4.495707516
797.1402.RightPalm,13.49720289,-6.324571066,5.796706701
797.1402.Forehead,-67.05942408,1.175780136,3.376212985
797.1402.Tongue,31.01380517,-10.20180297,9.998566446
797.1249.Tongue,-80.80374265,3.695749042,3.487078306
797.1406.Tongue,32.98550335,-13.36977316,34.50085773
797.1286.LeftPalm,16.00580206,-0.818326575,7.043973406
797.1253.Forehead,-23.08853368,0.410140404,1.991048317
797.46.HB.Forehead,-136.0189749,3.716858996,1.82860305
797.48.CA.FrontLeftPaw,4.56502751,7.590202599,1.673606383
797.07.CA.BackRightPaw,29.77453532,8.661935326,4.106762638
797.44.HA.Stool,29.14838703,7.334438935,1.732342733
797.20.HB.LeftPalm,-6.645124672,5.232863058,0.519238534
797.23.HB.LeftPalm,-71.15108838,3.922717325,2.022381118
797.14.HB.LeftPalm,-4.680577656,4.183604542,3.749866651
797.44.HD.RightPalm,-13.08186269,3.061122485,6.992708859
797.45.HB.RightPalm,-79.91594621,2.348666266,4.707018992
797.59.HB.Forehead,12.30550651,-18.95247903,-2.675844612
797.29.HC.Forehead,-114.7284134,-0.106832787,0.511079799
797.21.HB.Forehead,27.99101905,-48.14369079,-32.89977471
797.66.HA.LeftPalm,-90.56811764,-6.065089481,-3.934414843
797.51.HB.RightPalm,16.11383083,9.765863122,-0.043066329
797.43.HA.RightPalm,-43.98298042,2.859155478,0.419274939
797.50.HB.LeftPalm,20.35888674,-51.54783355,-33.90996273
797.68.HC.LeftPalm,25.49618229,-55.77689952,-37.64865762
797.49.HB.LeftPalm,3.450170551,-8.544983225,-1.648152695
797.41.HA.RightPalm,30.24962085,-19.19766518,-3.459458785
797.68.HA.LeftPalm,15.87146202,-40.79853276,-23.57526207
797.54.HB.LeftPalm,-82.97847074,-1.280612028,-1.892916324
797.53.HA.LeftPalm,17.04189667,5.573589484,2.135179373
797.02.HD.RightPalm,-108.019204,5.747374306,0.933287696
797.20.HA.LeftPalm,-67.93573898,4.280162916,1.32854014
797.31.HA.RightPalm,-26.96342681,2.274649557,4.056708495
797.17.HA.LeftPalm,11.14120509,8.120621744,1.462507286
797.41.HA.LeftPalm,31.61145487,-25.98583723,-8.121002748
797.26.HB.LeftPalm,32.44691757,-0.442910137,-24.14965622
797.53.HA.Forehead,-20.42041045,-9.882028086,-3.566016917
797.53.HB.Forehead,-98.23776188,4.557244163,1.745550539
797.55.HC.Forehead,25.31112261,-22.92073533,-1.947161919
797.71.HB.RightPalm,15.75985932,-26.76456316,-9.713108344
797.62.HE.Forehead,-41.57499859,2.478654306,7.085354116
797.03.CA.FrontRightPaw,20.06477448,0.88767943,-1.091948984
797.71.CA.FrontLeftPaw,-0.935986534,15.19220708,-1.047762799
797.41.HB.Stool,18.89657775,10.10087024,0.012012417
797.57.CA.Forehead,23.14101409,6.12800679,-1.25630633
797.19.CA.Forehead,23.71073184,5.445320296,4.898260358
797.17.CB.BackRightPaw,29.47730705,7.343899842,2.951858445
797.62.CA.Forehead,22.86878721,7.71931446,3.423242758
797.1053.Forehead,-2.303817126,-15.93150853,-11.17431061
797.267.Forehead,-157.6024681,3.508050716,1.540000952
797.50.CB.BackLeftPaw,27.15864037,7.055783213,2.620620458
797.49.CB.BackLeftPaw,17.21606959,12.35350036,-1.099404041
797.31.CA.BackRightPaw,28.2852671,6.845849769,3.027248365
797.42.HA.LeftPalm,-86.53170721,-1.559669142,-3.6305755
797.41.HB.RightPalm,18.04708691,-16.60175504,1.411015806
797.49.HC.RightPalm,-39.38669409,9.684039075,-5.479309765
797.61.HA.LeftPalm,21.16427718,-43.00646282,-25.63299056
797.49.HB.Forehead,-42.61455383,-5.571950753,-2.541726091
797.62.HB.LeftPalm,18.15710408,-25.69994814,-13.73243977
797.25.HB.LeftPalm,-111.2259899,3.581813388,1.531156046
797.62.CA.FrontLeftPaw,26.34475887,5.561783918,8.757163691
797.17.CA.BackLeftPaw,29.25988013,6.989415593,2.773825913
797.17.CA.FrontLeftPaw,28.40441306,7.040277261,3.007266392
797.18.CB.BackRightPaw,29.19257008,7.20670157,2.917673846
797.555.LeftPalm,31.0820873,-4.454599283,16.636623
797.43.HC.LeftPalm,22.43271898,-22.50414011,-3.710716069
797.62.HB.Forehead,-1.360405943,-33.10488311,-21.85097448
797.62.CA.BackLeftPaw,27.2575131,6.891683108,2.999136829
797.36.HA.LeftPalm,15.34684707,3.542181157,4.064663202
797.48.HB.RightPalm,-103.1779183,2.300449581,0.992553011
797.62.HD.LeftPalm,30.0839782,14.75549096,-5.827804243
797.17.HB.Stool,32.39490252,31.20727476,-23.14940105
797.29.HD.Stool,32.70511869,29.21243797,-10.52972349
797.17.HA.Stool,29.75390012,11.34756822,-2.244680063
797.56.HB.Stool,32.34768595,29.63062648,-20.67724555
797.49.HB.Stool,32.05953101,28.91014482,-20.11818763
797.44.HC.Stool,32.18432659,28.6973375,-20.19709751
797.66.HA.Stool,31.80332364,26.28024132,-17.740427
797.12.HC.Stool,31.36608462,22.54100284,-13.69666114
797.05.HC.Stool,32.59404066,34.08956137,-26.58993161
797.54.HC.Stool,31.25524436,24.18619371,-16.02752753
797.21.HA.Stool,29.50312835,10.0242763,-0.929612348
797.57.HA.Stool,32.87621484,31.09620146,-14.95233789
797.48.HB.Stool,31.52280097,24.34572998,-15.37974376
797.43.HC.RightPalm,24.20930149,-16.30781201,-1.792249667
797.44.HB.RightPalm,19.3136865,-5.707194758,-1.491377615
797.03.HB.RightPalm,-83.85171338,-3.859565803,-3.097333894
797.68.HB.LeftPalm,11.27343287,-14.11712221,-10.91076449
797.44.HA.RightPalm,-66.54443004,5.19846239,0.507667244
797.45.HB.Forehead,-127.3194163,2.475853804,6.411942239
797.12.HC.Forehead,-113.3701023,0.327127259,-5.016123648
797.68.HB.Forehead,-129.7709689,3.875349361,1.866023668
797.12.HD.Stool,31.60494261,25.24821482,-16.6255843
797.53.HB.RightPalm,15.78721337,-33.03744113,-24.52667816
797.46.HB.LeftPalm,-91.50229183,4.344741963,1.995569604
797.30.HB.LeftPalm,11.32933454,4.530130057,1.452107255
797.57.HA.LeftPalm,9.08100513,-42.79588527,-26.63982717
797.48.HA.RightPalm,29.52317857,-43.82851983,-20.22927986
797.07.CA.BackLeftPaw,30.23004449,9.829310548,5.39262301
797.24.HA.LeftPalm,-128.179283,3.774206271,1.818422323
797.20.HB.RightPalm,12.0753499,-42.32595982,-23.40528898
797.24.HB.LeftPalm,-90.22250792,1.969749069,0.993306122
797.51.HB.Forehead,-127.7291089,3.55582635,1.888794103
797.371.Forehead,-66.99015043,3.966002964,-0.953369308
797.55.HB.Forehead,-149.5095084,2.021709675,0.962438489
797.37.HB.Stool,30.43022095,16.1012553,-6.880224155
797.44.HD.Stool,29.29577206,7.391264869,2.319852931
797.30.HA.Stool,31.12924396,21.37154026,-10.3447254
797.46.HA.Stool,33.00286636,33.48622983,-24.73325992
797.12.HA.Stool,31.7250047,26.20900206,-17.60576964
797.49.HA.Stool,31.01425892,20.0997116,-11.23233982
797.38.HA.Stool,30.29723973,15.36112138,-6.127828433
797.59.HB.Stool,30.91859196,19.64429875,-9.764850629
797.390.Stool,32.23485861,29.60830654,-20.56287959
797.1053.Stool,29.3525861,8.606470578,0.591161819
797.31.HB.RightPalm,-19.3137361,-6.700900881,13.97350566
797.63.HB.LeftPalm,8.198154835,-44.6183103,-27.14743758
797.59.HC.RightPalm,-44.36268755,0.142629368,2.570116044
797.71.HA.LeftPalm,-0.452271859,-28.22146077,-16.73924779
797.29.HA.RightPalm,31.45180105,-52.52148073,-32.78693538
797.55.HA.RightPalm,7.686293642,-13.72325088,-1.949137693
797.02.HA.LeftPalm,31.26668019,-9.40747222,32.63239156
797.30.HB.Forehead,-44.15284773,3.06794194,1.517902056
797.69.HB.RightPalm,-63.45915734,1.458334173,-3.286552007
797.31.HB.Forehead,-121.0293494,2.952137821,3.40711156
797.06.HA.Forehead,-142.7654039,3.57429721,1.359675605
797.18.CA.FrontLeftPaw,30.86442789,0.088514818,19.03955518
797.30.CA.FrontLeftPaw,23.41449731,6.022231871,3.997967261
797.62.CA.BackRightPaw,25.59753244,10.01968582,3.933655891
797.555.Forehead,-55.90036755,0.625641262,8.607299669
797.71.CB.BackRightPaw,3.891234479,8.268884249,2.282020204
797.06.HA.LeftPalm,13.66989258,16.45442311,-9.130217282
797.42.HC.RightPalm,-19.05516536,15.04535427,-3.265543936
797.59.HA.RightPalm,26.35465255,-2.931133799,2.174622594
797.53.HB.LeftPalm,32.30152275,26.84535932,-9.976528677
797.56.HC.LeftPalm,7.147513366,-39.03940041,-26.3293651
797.05.HB.LeftPalm,12.99034689,14.0231916,-5.379680334
797.54.HD.LeftPalm,16.36332248,-15.19157231,-7.273527054
797.39.HB.LeftPalm,-76.91394305,-5.836129959,-4.574772315
797.22.HC.RightPalm,18.9196466,-16.29864254,-7.528081834
797.05.HA.Forehead,28.4674925,-31.212036,-18.05842125
797.42.HD.Forehead,29.73440126,-3.866994117,-0.08139286
797.39.HB.Forehead,-83.71890929,-3.949430053,1.345444581
797.14.HA.Forehead,31.78789211,-2.668008095,18.44652386
797.29.HC.Stool,31.44597614,24.8661263,-16.98159126
797.52.HA.Stool,31.30649805,20.24373739,-8.659215645
797.04.HB.Stool,32.54002013,32.97903268,-25.14072394
797.50.HA.Stool,31.48919042,24.45945416,-15.85097907
797.02.HA.Stool,32.02413829,25.11784507,-10.5367107
797.20.HB.Stool,30.8023141,19.85486303,-11.06419321
797.62.HE.Stool,31.45933689,23.86163968,-14.78068915
797.30.HB.Stool,31.52329106,24.09791307,-15.4169781
797.18.HA.Stool,32.55199868,32.99696348,-24.85843755
797.40.HB.Stool,31.10775336,20.49691562,-11.10635945
797.13.HB.Stool,29.87793432,12.09055111,-3.035361253
797.02.HC.Stool,32.12095823,25.51648212,-10.85838228
797.42.HB.Stool,31.33694557,21.41407577,-9.148768117
797.23.HB.Stool,28.57917134,10.15520332,-0.955148896
797.21.HC.Stool,32.50530678,31.34504762,-22.93345821
797.43.HB.Stool,32.77393991,34.05533537,-25.8143319
797.53.HB.Stool,32.22702534,28.55821444,-19.78342095
797.39.HA.Stool,29.35379683,8.73228072,0.394063302
797.41.HE.Stool,32.11020064,28.6476703,-19.64609687
797.22.HB.Stool,31.96132,26.64232357,-17.88159577
797.38.HB.Stool,31.91824181,29.73816729,-22.14560996
797.18.HB.Stool,30.29809194,15.28011589,-6.36638543
797.66.HB.Stool,31.9692407,26.71905051,-17.26091989
797.27.HB.Stool,32.59897841,33.06232343,-24.61740777
797.26.HC.Stool,33.7500896,40.3702582,-32.28578006
797.50.HB.Stool,30.94968874,20.23790812,-11.18748019
797.06.HA.Stool,32.68996854,32.46587741,-24.17719171
797.55.HA.Stool,29.33011326,7.995894476,1.449372361
797.41.HD.Stool,32.42748663,30.16645286,-21.52778544
797.42.HD.Stool,33.1116167,32.65600955,-14.60833216
797.61.HA.Stool,32.66305952,31.85477869,-22.50491634
797.07.HC.Stool,32.3281464,27.20739905,-12.87729852
797.59.HA.Stool,30.53447145,17.36124468,-8.40693548
797.56.HC.Stool,31.41559626,22.65448846,-13.50855522
797.06.HB.Stool,32.30383182,30.61474487,-21.96012193
797.48.HC.Stool,31.80024567,23.75819069,-8.770419092
797.51.HB.Stool,30.84775886,17.82182958,-4.011600823
797.53.HA.Stool,32.61290003,29.11704405,-11.95727846
797.29.HB.Stool,33.48958523,38.49769813,-30.55815444
797.61.HC.Stool,32.66482241,33.57544263,-25.17862511
797.1204.Stool,31.60175247,25.67792569,-16.97313606
797.1406.Stool,29.62274027,10.69647442,-1.578313876
797.71.HA.Stool,30.90480264,19.35126587,-10.41145077
797.1282.Stool,33.66083038,46.96825036,-41.50508245
797.1225.Stool,29.40240803,8.112464507,1.717724153
797.1249.Stool,30.38653499,15.52345751,-6.381682367
797.371.Stool,30.57088211,17.38754786,-8.52778758
797.1020.LeftPalm,30.00315034,12.39889135,-2.7206109
797.1204.Forehead,-13.30271243,3.192652119,5.109356268
797.1075.Stool,31.93259219,26.62816604,-17.91369592
797.1023.LeftPalm,-65.77296355,1.263920733,0.439967367
797.371.LeftPalm,8.414032619,-11.47581637,-3.86476934
797.1239.Stool,32.2664499,29.9743142,-21.1054612
797.267.RightPalm,-46.765648,8.670569715,-0.700304318
797.1023.Stool,32.25808453,29.19536107,-20.72354889
797.1191.LeftPalm,-37.56918339,0.667885507,-1.299250976
797.1225.RightPalm,-49.19429275,1.73918827,1.964708865
797.267.LeftPalm,-51.49823184,21.8326165,-15.94423493
797.1106.Forehead,-8.682964335,-18.06167176,-7.868712871
797.1191.Stool,31.82722941,28.10878329,-20.17823395
797.1286.Stool,31.47431277,23.50745762,-14.53287054
797.66.HC.Stool,32.39493197,30.51964524,-22.10263531
797.49.HA.LeftPalm,-65.23632803,5.865714801,2.285202626
797.51.HB.LeftPalm,0.123042986,-20.95668198,-13.7551684
797.18.HA.LeftPalm,20.17522157,-16.02437357,-7.987469333
797.35.HD.RightPalm,31.04956622,-36.34543035,-15.10337173
797.54.HC.RightPalm,19.70701833,-0.575404358,0.556376435
797.35.HA.RightPalm,21.62040003,3.972062117,-3.967358254
797.31.HB.LeftPalm,-22.6808722,3.849309738,3.15677408
797.35.HC.LeftPalm,22.22866587,-4.718777656,-1.635989345
797.46.HB.RightPalm,-64.68144089,4.565880541,2.655574966
797.26.HA.RightPalm,-42.23966134,2.857003855,3.239628732
797.26.HC.RightPalm,-108.1496375,4.152651316,1.801521171
797.39.HB.RightPalm,-46.84174002,-8.834337883,-6.141300626
797.44.HB.LeftPalm,26.28666672,-15.49802993,-1.299738344
797.02.HB.RightPalm,21.60518614,-36.93678085,-24.03758582
797.61.HA.RightPalm,4.062801082,-2.707606658,1.25298134
797.13.HB.RightPalm,20.02652233,-26.457016,-15.52964945
797.02.HD.LeftPalm,18.15085586,5.873863599,1.809841467
797.36.HB.RightPalm,8.700234458,8.376936807,0.63957667
797.04.HB.LeftPalm,-102.05277,1.896838669,1.403594038
797.40.HB.RightPalm,-53.50177777,-8.033223314,-3.306948623
797.40.HA.LeftPalm,-122.0916945,3.910065348,1.964286282
797.54.HA.RightPalm,-21.36053063,2.804209149,0.362530842
797.40.HA.RightPalm,-108.4604809,3.373718903,1.269352212
797.26.HC.LeftPalm,-116.9760176,4.143754275,1.500504271
797.66.HA.RightPalm,-76.80723611,-1.861676598,-0.914858364
797.22.HA.RightPalm,-36.97994856,-1.645354443,0.436027084
797.41.HD.LeftPalm,-74.62066245,1.856641662,-0.661860518
797.21.HA.RightPalm,-99.98511001,-15.28686039,-9.943451079
797.13.HB.LeftPalm,20.18309457,11.98961985,-3.005621264
797.35.HA.LeftPalm,32.04747795,24.25328576,-9.512637227
797.62.HE.LeftPalm,14.91324857,-36.36814808,-21.58653055
797.36.HA.RightPalm,-40.11599539,2.063850067,3.260706823
797.43.HB.LeftPalm,-115.5977648,1.1356825,-0.094424265
797.02.HC.LeftPalm,18.20928389,-1.625651786,-9.081500075
797.18.HB.LeftPalm,-19.93332729,2.433329789,0.703885796
797.66.HC.LeftPalm,19.54764159,-48.51730644,-28.82025397
797.12.HB.RightPalm,29.33109321,-50.77682963,-32.63603973
797.39.HA.RightPalm,-138.9841913,2.421675745,0.612710727
797.14.HB.RightPalm,14.46954209,-51.91295619,-33.58605111
797.41.HD.RightPalm,-16.85049954,-0.338745263,6.667792699
797.05.HA.RightPalm,14.49843251,-28.24161409,-15.39444169
797.29.HC.LeftPalm,-43.08746421,-13.9386068,-10.45533745
797.38.HA.RightPalm,-136.0120508,3.949694575,1.482337294
797.21.HB.RightPalm,30.51862583,-37.73610745,-25.57955815
797.26.HA.LeftPalm,-122.8140028,1.848853806,1.21647564
797.43.HA.LeftPalm,-5.840382628,8.651971179,-1.129237906
797.12.HB.LeftPalm,27.97580214,-38.51977102,-20.94282152
797.54.HA.LeftPalm,-25.16931703,-21.3340073,-14.29463496
797.29.HC.RightPalm,-109.9836096,4.404911696,1.630293654
797.06.HB.LeftPalm,4.644690203,3.613325517,1.952735391
797.56.HA.RightPalm,29.41884557,-24.23015026,-7.341389979
797.12.HD.RightPalm,16.84082773,-9.399828806,-6.450744829
797.48.HA.LeftPalm,25.62542146,-52.16808237,-31.70741082
797.14.HA.RightPalm,19.94200769,-43.12240456,-26.39244482
797.55.HB.RightPalm,-3.956060432,-22.52668966,-10.69964422
797.12.HC.LeftPalm,-44.97438472,-4.597684501,-5.466338986
797.04.HA.LeftPalm,-12.83070904,-0.898191791,8.897299963
797.13.HA.LeftPalm,-7.349323209,2.790958635,3.231070361
797.35.HB.RightPalm,28.09748026,6.248631995,2.638962828
797.37.HA.LeftPalm,-116.1796834,4.112050082,1.978742593
797.62.HA.RightPalm,30.18872691,-34.07139385,-10.28581426
797.21.HB.LeftPalm,29.18989446,-29.12363584,-17.62506257
797.61.HB.LeftPalm,-0.065122799,-41.30998376,-25.920934
797.23.HB.RightPalm,-7.240665075,-34.58867708,-20.55263372
797.07.HB.RightPalm,19.56050746,-53.12562176,-35.22791889
797.39.HA.LeftPalm,-8.919625405,-42.38481352,-27.60370531
797.19.HB.RightPalm,18.93583854,-39.85699573,-21.30305235
797.05.HC.LeftPalm,14.71941846,-1.664256713,-2.325236441
797.44.HB.Forehead,15.0836454,-3.78504846,6.255850021
797.35.HC.Forehead,23.33927874,-28.08398609,-14.91358006
797.35.HB.Forehead,14.61438541,-8.378946282,-9.328069559
797.21.HC.Forehead,-83.61661115,-3.863017518,-1.083815159
797.26.HA.Forehead,-121.8911338,3.892637105,1.841747808
797.43.HA.Forehead,-137.6590744,2.478393565,1.149605749
797.44.HA.Forehead,-134.9545272,3.677218611,1.970141946
797.26.HC.Forehead,-134.6188472,1.810917181,0.603673355
797.57.HB.Forehead,-49.62037584,-10.38812167,-6.534000904
797.56.HB.Forehead,-119.5450966,0.989792402,0.871639746
797.12.HB.Forehead,23.62488594,-32.56709977,-17.48450007
797.18.HB.Forehead,-107.98022,0.946511009,0.056509112
797.36.HA.Forehead,-103.7036886,0.803489201,2.512903623
797.61.HC.Forehead,16.69604834,-14.15509074,12.97055061
797.40.HA.Forehead,-92.57160688,3.247449667,1.596222064
797.31.HA.Forehead,-110.8191801,2.82176654,3.963977612
797.04.HA.Forehead,-75.21786972,4.591419273,1.7733705
797.40.HB.Forehead,-82.69657904,-0.143486841,0.983167796
797.14.HB.Forehead,1.14425068,2.7323783,10.53139501
797.19.HB.Forehead,-32.81544292,2.65178335,6.551422738
797.25.HA.Forehead,-132.6393554,1.53639375,1.669417049
797.41.HE.Forehead,13.08267779,-17.41773211,-5.047567567
797.42.HC.Forehead,-91.30679551,0.602966898,5.152556838
797.62.HC.Forehead,10.76975304,-4.428155298,11.92528289
797.24.HA.Forehead,-136.9157752,1.459962013,-0.118778398
797.43.HB.Forehead,-145.5480613,2.955063558,0.873910457
797.03.HA.Forehead,-141.8188658,3.790451714,1.941996608
797.64.HB.Forehead,-146.8295997,3.671845007,1.401576687
797.02.HD.Forehead,-130.1461828,3.938263906,1.557519032
797.04.HB.Forehead,-47.97959369,2.802062229,5.635036709
797.62.HD.Forehead,-112.8629915,2.683935563,3.52650647
797.68.HA.Forehead,-151.864803,3.770785703,1.409843741
797.38.HB.Forehead,-139.8789207,4.113362016,1.40189583
797.56.HC.Forehead,-149.6513212,4.181615015,0.718796828
797.66.HC.Forehead,-59.12317314,-4.020284868,-2.323490983
797.03.HB.Tongue,30.32001031,-17.99988917,-1.307630714
797.20.HB.Forehead,1.30443508,4.473475873,0.05251588
797.49.HC.Forehead,-149.6641182,3.81655687,1.456585054
797.20.HA.Forehead,-139.8926281,3.49596077,1.796100151
797.41.HA.Forehead,24.3745925,-20.50601315,-6.066310338
797.39.HA.Forehead,-149.6420919,2.682113539,1.153096034
797.03.HB.Forehead,-114.2080438,3.926441234,1.436727872
797.37.HA.Forehead,-147.7978001,3.647688017,1.477774748
797.68.HC.RightPalm,24.63141831,-57.06226133,-37.17645344
797.48.HC.Forehead,-102.6046885,-20.39631388,-14.57106237
797.69.HA.RightPalm,-85.87466051,0.315127473,-0.196192761
797.46.HA.Forehead,-36.13897144,3.398612887,4.368201483
797.69.HA.Forehead,-98.50617034,4.665648708,2.007491624
797.54.HD.Stool,29.44425468,9.358855568,-0.122185022
797.62.HB.Stool,30.04256699,13.4115845,-4.161553432
797.59.HC.Stool,29.31646389,8.029077838,1.400307211
797.45.HA.Stool,30.28376054,15.77777768,-6.648443771
797.42.HC.Stool,29.66124996,9.588753603,-1.137939727
797.48.HB.Forehead,-134.8378471,4.006321631,1.460960534
797.26.CA.BackLeftPaw,16.58579731,7.539092924,2.756232948
797.23.HA.Stool,31.22909222,22.14443603,-13.41198241
797.02.HD.Stool,31.12382109,20.61485272,-11.60517995
797.25.HA.Stool,32.0149926,27.91435511,-19.23006467
797.54.HB.Stool,31.79666762,24.23014047,-14.51748224
797.35.HC.Stool,32.81840216,32.54375943,-24.00763312
797.59.HD.Stool,31.4789961,25.45561223,-17.40946098
797.42.HA.Stool,32.27165602,26.45865444,-8.742249614
797.07.HB.Stool,30.12522675,14.38142125,-5.421266425
797.44.HB.Stool,33.09256677,38.92403053,-31.50586965
797.63.HD.Stool,31.85933618,24.18786377,-7.811656024
797.54.HC.Tongue,32.64386494,-7.346263408,40.03025114
797.267.Stool,15.70132951,0.648640668,9.023887398
797.1318.RightPalm,-23.75367423,14.86289345,-7.006130311
797.371.RightPalm,-58.71500903,-0.509318459,1.605513977
797.03.CA.BackRightPaw,26.4547396,7.0389079,3.140344999
797.1191.Forehead,-101.9145146,3.830955034,2.907575092
797.1191.RightPalm,-23.65953252,-3.867960095,-0.871811551
797.1406.LeftPalm,-3.069022181,7.714055049,3.164227616
797.1406.Forehead,-94.09483623,3.977487601,3.625986771
797.1286.Forehead,-10.68445324,-10.3147269,-2.798365993
797.1023.RightPalm,-98.58060796,-0.702372846,2.31919523
797.1282.Forehead,-19.70034651,5.409683604,3.639037832
797.390.Forehead,9.84263858,8.418716964,-1.553042023
797.1406.RightPalm,0.65394064,2.306899571,12.84485716
797.1265.RightPalm,18.48704756,14.4528581,-5.682482578
797.390.LeftPalm,19.81713018,11.49316672,-2.07720127
797.555.RightPalm,-117.6273992,2.121640205,3.636313712
797.1265.LeftPalm,27.48757109,23.90139788,-16.15260345
797.1402.Stool,21.15013482,7.895342615,2.736177629
797.1225.LeftPalm,-44.76205123,-1.949735791,2.260120818
797.1148.Forehead,-15.41867919,5.359028694,1.748393372
797.1204.LeftPalm,9.405428751,8.506837618,-0.563818966
797.1265.Forehead,-45.10215741,3.631985224,5.030980277
797.1286.RightPalm,22.08228461,-4.938712053,4.252708008
797.764.RightPalm,-17.04106165,2.385287503,6.170422088
797.390.RightPalm,15.63015982,6.873334891,2.149435493
797.1239.Forehead,-63.61206396,-3.960929296,1.521285473
797.49.CA.Tongue,23.51889774,7.712580849,3.317665088
797.18.CC.Forehead,29.56130506,8.946118882,3.351213694
797.50.CB.Tongue,29.6288134,8.146986877,3.656660733
797.1225.Forehead,-132.6893768,0.337256133,-0.121984707
797.1023.Forehead,-153.6238616,3.020417979,0.886168019
797.555.Tongue,-131.8854378,3.728873061,2.240940425
797.1253.Stool,28.06860573,0.842836709,7.038372095
797.29.HB.RightPalm,31.72234474,-23.91839477,-5.124282116
797.17.HB.RightPalm,19.73275301,-0.649057031,-1.246676117
797.51.HA.LeftPalm,16.20422322,-28.78230243,-17.26556746
797.18.HB.RightPalm,-14.59678175,7.084264032,1.026457815
797.38.HB.LeftPalm,-126.6618249,-0.368665681,0.178406927
797.07.HC.RightPalm,24.30731405,-48.14634036,-29.25617614
797.62.HC.LeftPalm,-0.984856865,-4.093488849,0.561704275
797.41.HB.LeftPalm,21.14141203,-14.85655891,6.216306687
797.22.HA.Forehead,-112.8591277,0.742258655,0.081308975
797.18.CC.BackLeftPaw,29.73954133,13.95521067,2.224396108
797.18.CB.BackLeftPaw,29.16909559,6.621107943,3.051256135
797.18.CB.Forehead,29.66139363,7.349480811,2.150009778
797.17.CB.Forehead,28.92265641,9.465618483,4.123204226
797.63.HA.RightPalm,32.50682948,-35.24217952,-7.182252846
797.36.HA.Tongue,32.95653507,-16.27751967,29.3594668
797.04.HB.Tongue,29.81240428,-21.02176668,-10.04396305
797.22.HC.Forehead,16.99783237,-8.039700827,-4.579911509
797.38.HB.Tongue,32.05732043,-34.20188961,-11.32519051
797.39.HA.Tongue,32.05002242,-15.08874469,17.16514269
797.39.HB.Tongue,32.55522014,-12.5152793,29.54024123
797.05.HB.Tongue,32.13471499,-8.738140284,28.48259157
797.21.HC.Tongue,32.18455212,-10.26622536,26.9629843
797.26.HA.Tongue,31.94684451,-10.77439982,22.05045804
797.18.HA.Tongue,32.25182592,-17.4709634,15.11374033
797.22.HA.Tongue,31.47417859,-7.626391882,18.88126957
797.44.HC.Tongue,32.11914062,-9.792371287,25.34049943
797.27.HA.Tongue,32.14357324,-12.29784857,21.41137912
797.46.HB.Tongue,32.50207212,-7.352620781,35.12659739
797.02.HD.Tongue,32.06419476,-9.812594815,24.37323672
797.26.HC.Tongue,32.94709165,-14.16153018,31.46017
797.24.HA.Tongue,32.8550272,-17.01499338,27.29527854
797.04.HA.Tongue,30.41554728,-21.54726783,-3.008778683
797.14.HB.Tongue,32.39164154,-13.31006705,24.13627238
797.43.HB.Tongue,31.84564518,-24.26523798,-0.400085762
797.44.HA.Tongue,32.56187451,-12.03387187,30.28415046
797.05.HA.Tongue,32.19221736,-9.479066087,26.4078755
797.63.HC.Forehead,13.7147165,-36.39202676,-22.01303656
797.40.HA.Tongue,31.73544419,-27.46143396,-5.446310606
797.14.HA.Tongue,32.77289138,-14.88318962,28.31291531
797.37.HB.Tongue,32.20968428,-8.701908542,28.58028226
797.40.HB.Tongue,31.15815896,-45.72695089,-25.83013069
797.24.HB.Tongue,32.49588465,-8.032546966,33.57109989
797.42.HC.Tongue,32.0970016,-17.73567251,12.60850377
797.44.HD.Tongue,32.97772441,-10.77538549,38.48902717
797.41.HB.Tongue,32.50905196,-10.22542033,30.87125692
797.45.HB.Tongue,32.45253973,-6.793149285,36.41584852
797.35.HC.Tongue,32.48321964,-10.46139413,29.70611225
797.25.HA.Tongue,32.21156639,-6.23344028,31.75286869
797.43.HA.Tongue,31.21679,-19.47292384,-3.471977631
797.22.HC.Tongue,31.90997806,-15.96998859,11.95542785
797.06.HA.Tongue,31.63524199,-6.150673171,23.3537202
797.41.HC.Tongue,32.44160479,-7.23508451,34.63179314
797.02.HC.Tongue,32.09976585,-12.96904266,19.8015446
797.17.HA.Tongue,32.63227968,-16.92412508,21.58563102
797.13.HB.Tongue,32.13581315,-7.159821545,29.0373806
797.03.HA.Tongue,31.6180946,-13.33100967,10.8023109
797.06.HB.Tongue,32.93111827,-12.83428999,34.85009304
797.68.HB.Tongue,30.62484933,-16.21829571,-5.851995921
797.69.HA.Tongue,31.97318947,-9.231955659,23.08813879
797.57.HB.Tongue,31.21088008,-2.273203185,22.34348297
797.63.HB.Tongue,32.74444559,-11.5600075,33.15178811
797.55.HB.Tongue,32.51164727,-9.874890856,32.21454788
797.62.HD.Tongue,31.8502708,-4.487935924,28.64179778
797.53.HB.Tongue,32.25145573,-9.148185112,29.83549634
797.62.HB.Tongue,32.24499259,-17.60941273,15.60801199
797.62.HC.Stool,32.293105,-11.8498058,25.39803029
797.55.HA.Tongue,32.14528975,-9.778238571,26.3638759
797.69.HB.Tongue,32.29730439,-11.51023051,24.93419861
797.66.HC.Tongue,31.80195955,-7.502647895,25.53212437
797.51.HA.Tongue,32.4977214,-12.59983862,25.38331322
797.390.Tongue,31.29796619,-8.191774852,26.67460664
797.1318.Tongue,31.19554557,-3.517557946,20.36536328
797.1023.Tongue,32.83084806,-9.01314392,37.7481843
797.1204.Tongue,31.28883915,-4.096088139,21.56303267
797.1239.Tongue,32.77998091,-9.426328332,35.85759268
797.267.Tongue,32.34171767,-11.88900078,25.06860203
797.373.Tongue,32.33536355,-9.633485777,28.33417402
797.371.Tongue,32.57139333,-9.640029397,40.15942375
797.59.HB.LeftPalm,11.22001221,-0.480926313,4.918995443
797.59.HD.Forehead,-125.5810615,0.08830988,1.972968437
797.52.HA.RightPalm,23.85052082,17.01631137,-4.112490423
797.03.HA.RightPalm,-30.11968904,-12.30879085,-3.539563594
797.18.CB.FrontLeftPaw,22.44997741,7.826562606,2.868353899
797.27.CA.BackRightPaw,28.23782255,2.421242135,10.64206003
797.02.HA.RightPalm,23.3261584,-48.41168777,-26.25635064
797.56.CA.Tongue,29.88575206,8.529511569,4.810437773
797.68.HB.Stool,29.24497297,7.405005491,1.661068054
797.22.HC.LeftPalm,23.94652716,-0.228854069,-2.071000827
797.42.HB.Forehead,22.09465137,0.009108965,-14.42711929
797.61.HB.Forehead,-144.631042,1.303346623,1.044827905
797.1053.LeftPalm,13.64037793,1.15995174,-1.40649103
797.52.HB.Stool,31.4291266,21.65670554,-7.537424125
797.41.HD.Forehead,-138.775473,3.788116914,1.818507922
797.46.HB.Stool,30.73580297,16.85099977,-3.348774135
797.59.HA.Tongue,32.46730929,-11.75183503,31.19957021
797.373.Forehead,-21.71338908,-0.293978227,2.153303586
797.17.CB.Tongue,29.93238331,9.08163259,4.506716632
797.62.CA.Tongue,31.52184082,13.90436432,8.407202723
797.07.CB.Tongue,31.34862357,13.38278433,7.991178224
797.19.CA.Tongue,29.83070369,8.712573905,4.21887326
797.46.CA.Tongue,29.96895334,9.09532026,4.441556015
797.51.HA.Stool,30.91410838,18.07437301,-3.997789174
797.22.HB.Forehead,-23.26820286,4.811359595,4.032777956
797.61.HC.RightPalm,19.24244591,-12.47206744,9.856775318
797.13.HA.RightPalm,-0.512761687,-9.359702609,-1.363688907
797.05.HB.RightPalm,17.72859645,-38.30248567,-24.0157188
797.07.HB.Forehead,-90.91149157,2.017427189,0.464118637
797.42.HA.Forehead,-145.5621593,0.584982027,-0.719187582
797.17.CB.BackLeftPaw,29.44461174,7.314810655,2.919176002
797.17.CA.Forehead,29.40492444,6.037027572,3.349380741
797.64.CB.Stool,30.36124133,12.64498798,1.594173203
797.18.CB.Stool,30.49547776,13.07756999,1.991580607
797.05.HA.Stool,34.4464751,46.00240246,-38.50166816
797.62.CA.Stool,31.58320488,19.23932606,-2.46246412
797.18.HA.Forehead,6.865516476,-1.720713093,6.49022252
797.61.HA.Forehead,-25.37232371,-5.925095295,3.536529232
797.18.HB.Tongue,31.73100609,-5.867367659,25.19056163
797.02.HB.Forehead,-45.25836634,7.558149794,-0.755830732
797.44.HB.Tongue,32.06545493,-6.905146678,29.1025949
797.63.HC.Stool,31.93198884,26.99023022,-17.88974213
797.555.Stool,30.7899024,-2.376359284,16.70033151
797.1225.Tongue,31.63429242,-5.740375992,25.90886885
797.1191.Tongue,32.27971844,-8.348975764,30.28051022
797.71.HC.Stool,33.15674888,32.26296139,-13.00011555
797.1204.RightPalm,6.697866677,6.957224543,-0.774695211
797.68.HC.Stool,33.38215426,-19.65126015,26.2112993
797.18.CC.Tongue,30.2817453,11.63511418,2.821289792
797.764.Forehead,-14.88300315,-2.095723136,-0.97721557
797.18.CA.Forehead,19.72792111,4.432056121,3.554155375
797.18.CA.BackRightPaw,28.23336954,7.909517696,3.637023851
797.1286.Tongue,31.78252507,-6.51255278,28.68242266
797.1253.RightPalm,28.53467988,4.181856665,6.116616776
797.1148.Tongue,-154.6230544,3.824297881,1.347739014
797.71.CB.Forehead,29.25424944,7.970277042,3.678067346
797.17.CA.Tongue,29.94506521,9.276877582,4.207716775
797.31.CA.Forehead,31.13173606,24.30626647,-8.699310388
797.66.CA.Stool,30.84293193,15.10926255,1.105190121
797.71.CB.BackLeftPaw,15.89451771,14.95494102,-2.153776408
797.18.CA.Stool,30.40418056,13.12861477,1.069801388
797.19.CA.Stool,31.07174959,17.28532779,-1.324487966
797.43.HC.Stool,32.1922988,26.9477125,-17.26270243
797.07.HC.LeftPalm,31.9926773,-40.23513895,-21.87931898
797.07.HA.RightPalm,2.255945971,-9.118783676,-6.988603591
797.07.HA.LeftPalm,3.539955629,-11.11475833,-4.89654051
797.1318.Stool,32.51155294,35.46321268,-28.50313759
797.21.HA.Tongue,32.01691346,-6.911110141,29.19153382
797.26.HB.RightPalm,30.83734621,-38.89123642,-22.47691678
797.25.HA.RightPalm,-16.8424668,-30.47625734,-20.60262526
797.29.HB.Tongue,32.66737376,-13.07533677,29.48445782
797.26.HB.Tongue,33.15069721,-26.16719504,17.96589029
797.12.HB.Tongue,33.39418438,-77.06732317,-54.20491264
797.07.HC.Forehead,29.52159909,-32.64609625,-18.79955022
797.41.HA.Tongue,31.39063176,-20.23022162,-4.033196041
797.29.HA.Tongue,32.09723688,-14.59875461,17.46625472
797.35.HB.Tongue,32.2493891,-10.80762582,26.76062192
797.35.HD.Tongue,32.2489409,-15.99823693,16.11260014
797.12.HC.Tongue,32.24850594,-46.68606069,-26.67688344
797.21.HB.Tongue,30.26374809,-5.059423356,2.742772877
797.61.HD.Forehead,3.079218458,-17.27391915,-4.830973691
797.66.HA.Forehead,-143.5722126,0.146373679,-0.096245191
797.43.HC.Tongue,31.64659722,-33.92764131,-18.14227853
797.48.HA.Tongue,32.58561646,-32.59205538,-2.040046846
797.07.HC.Tongue,32.3079845,-30.007657,-1.694435288
797.48.HA.Forehead,15.24590021,-36.39265386,-24.37585858
797.17.HB.Forehead,-86.73998986,2.444748522,4.392991313
797.17.HA.Forehead,-49.33339173,-2.910493184,-0.669332416
797.02.HA.Forehead,22.87309537,-32.71564448,-13.46438161
797.59.HC.Forehead,-148.5759981,2.019765157,1.134908963
797.12.HA.Forehead,27.75057323,-21.2900758,-10.89327599
797.13.HA.Tongue,31.69463511,-6.658292061,21.22598623
797.42.HA.Tongue,33.27106279,-9.011306455,45.29870925
797.12.HA.Tongue,32.16194384,-41.10328086,-21.01777304
797.12.HD.Tongue,31.97498021,-20.33260477,7.864054889
797.29.HC.Tongue,30.54884606,-5.041542966,26.89000964
797.68.HC.Tongue,32.84588552,-61.13913102,-40.18200484
797.63.HC.Tongue,31.5123586,-21.56447963,-3.014971104
797.63.HD.Tongue,32.66220479,-9.874810711,34.6330656
797.62.HA.Tongue,31.87383739,-13.55882763,14.88682541
797.56.HA.Tongue,31.74676605,-11.2564865,16.0711586
797.61.HD.Tongue,32.25170789,-8.001000824,29.08472352
797.54.HD.Tongue,32.90208791,-12.58393109,33.99070894
797.71.HB.Tongue,32.55518245,-16.38404153,20.35304077
797.66.HA.Tongue,32.3118436,-13.51975574,23.45770746
797.49.HC.Tongue,31.41299201,-26.52408145,-10.03558586
797.50.HB.Tongue,32.00349619,-6.887003398,28.05575487
797.61.HC.Tongue,32.38517866,-11.26283639,28.42355058
797.61.HA.Tongue,33.28063019,-11.9317848,40.47911773
797.764.Stool,31.91180888,-13.92043918,15.44938349
797.1282.Tongue,32.2147519,-11.76382263,25.40504635
797.1075.Tongue,30.45173382,-5.267298647,6.23803995
797.1053.Tongue,31.07985144,-7.453636123,11.20981442
797.1020.Stool,32.50593246,-12.72489565,26.08013537
797.1253.Tongue,30.95955949,-8.69843913,9.960359592
797.27.CA.Tongue,28.811032,8.483338406,3.880759032
797.38.HB.RightPalm,-129.8363598,2.853722968,1.745350641
797.59.HB.RightPalm,18.37794549,2.477737014,6.755600067
797.02.HB.LeftPalm,17.16076017,8.355409484,1.94574784
797.63.HD.LeftPalm,-125.796539,1.659618605,0.960189327
797.59.HD.LeftPalm,-18.14948052,-19.96419942,-11.43091102
797.12.HC.RightPalm,6.413264715,-35.738179,-25.02684276
797.52.HB.LeftPalm,8.227786939,9.275878768,-1.334020057
797.52.HA.Forehead,-142.8149981,2.539397153,0.381798722
797.07.CB.FrontLeftPaw,27.59002096,7.962483942,3.585603732
797.06.CA.Tongue,28.86068824,8.563239799,4.574320514
797.52.CA.Tongue,29.82645436,8.579731977,4.327941061
797.1053.RightPalm,4.008434547,4.825008065,3.060193255
797.71.HA.Forehead,-136.075282,3.870879193,2.083874143
797.06.CB.Stool,30.94966372,16.80066123,-1.247276242
797.50.CB.Stool,31.40757971,19.441257,-2.318173948
797.71.CA.Stool,31.91473017,22.81403255,-4.245812283
797.30.CA.Stool,30.91378275,16.59673381,-1.080973396
797.53.CA.Stool,31.34905433,17.46369765,0.772293647
797.50.CA.Stool,31.49637402,20.43970707,-3.542324687
797.46.CB.Stool,30.9814955,17.61771946,-3.432264227
797.46.CA.Stool,30.97589934,17.2021665,-4.583667789
797.48.CA.Stool,30.82166228,14.60940675,1.431486022
797.53.CB.Stool,31.35754595,17.40052776,0.842277033
797.52.CB.Stool,31.72922576,21.6053908,-3.820960734
797.27.CA.Stool,31.01818626,15.75968626,1.43873382
797.64.CA.Stool,30.67683104,13.86192367,1.938681307
797.71.CB.Stool,31.23032598,18.29398452,-2.293076667
797.53.CB.Tongue,29.64253619,7.959193405,3.836397083
797.52.CB.Tongue,29.87396784,8.66135031,4.2843708
797.57.CA.Tongue,29.93142916,8.989978168,4.40249346
797.52.CA.Stool,30.92413177,15.7312823,0.303921711
797.06.CA.Stool,31.21560417,18.93370662,-3.262094541
797.26.CA.Tongue,30.14524228,9.577200613,5.168129832
797.45.HA.Forehead,-61.99325064,1.117491703,5.581739902
797.30.CA.Tongue,28.78368626,8.463223512,3.90564105
797.45.CA.Tongue,29.86277641,8.908844746,4.606361796
797.06.CB.Tongue,29.55154518,7.063414067,2.716845594
797.66.CB.Forehead,21.28460759,6.570020075,6.325000649
797.05.HB.Forehead,-17.42981849,7.283766163,-0.207934903
797.59.HA.LeftPalm,30.86301295,11.13784039,1.601312525
797.26.HB.Stool,31.50109158,23.33763075,-13.87277913
797.61.HD.Stool,31.58768043,26.19585671,-18.06919783
797.41.HA.Stool,32.01484848,23.83722624,-12.95171102
797.03.CA.Stool,30.49663792,14.23680865,-0.841739325
797.49.CB.Stool,31.70761867,22.07875067,-8.491043443
797.07.CA.Stool,31.4918591,19.74538387,-2.361474281
797.66.CB.Stool,30.95535265,15.50518153,1.136600815
797.45.CA.Stool,31.12313642,15.77042194,2.165993495
797.17.CA.Stool,30.953248,14.77903067,2.485462786
797.17.CB.Stool,30.84369818,14.41063459,2.259376785
797.31.CA.Tongue,32.21872301,24.86500154,-9.017638511
797.56.CA.Stool,30.74381434,18.2198546,-9.220441898
797.31.CA.Stool,32.14900252,24.70286428,-9.448997013
797.18.CC.Stool,30.9603765,14.93888293,2.117216306
797.49.CA.Stool,32.67659236,28.41529428,-13.50267448
797.07.CB.Stool,30.81598213,16.49547694,-1.820217483
797.26.CA.Stool,30.34203159,12.40345223,2.026991452
797.57.CA.Stool,30.88539808,14.39996199,2.636319533
797.24.HB.RightPalm,-116.7343724,0.991726253,1.283742749
797.44.HD.Forehead,-92.91278195,2.92964122,3.376463889
797.62.HC.Tongue,6.834812535,-10.02674091,20.25291466
797.35.HA.Tongue,31.83452071,-3.419182685,30.69973012
797.56.HB.Tongue,32.34006171,-7.128245367,34.1521854
797.59.HB.Tongue,33.03942545,-12.07521159,37.13389505
797.07.HB.LeftPalm,16.19440028,6.748798809,1.00036407
797.36.HB.Forehead,-44.35746444,2.416865358,2.051508859
797.05.HC.Forehead,-22.7358609,6.467049876,2.395300202
797.06.HB.Forehead,-120.8026038,3.375549682,0.573255822
797.13.HB.Forehead,-19.61476807,5.671862542,2.714262742
797.03.CA.Forehead,24.36492295,6.673356123,2.900172879
797.764.Tongue,-20.90450642,-2.998758846,-1.963723288
797.06.CA.Forehead,6.572599257,6.819619772,3.51089038
797.03.HB.LeftPalm,-101.9915032,2.269413958,3.402367047
797.48.HB.LeftPalm,-61.75936476,-20.64737161,-12.4695766
797.25.HB.Forehead,-151.6944321,3.585244026,1.396738148
797.37.HB.Forehead,-67.1963625,1.989105411,2.507730561
797.35.HB.Stool,32.4487573,29.85581966,-21.09348389
797.63.HA.Stool,30.01547147,12.4118106,-2.751001525
797.66.CA.Forehead,7.822242969,4.329457741,5.441591572
797.55.HC.Tongue,32.38836153,-14.42298016,21.91532446
797.05.HC.Tongue,30.20167423,-2.462261439,22.96680829
797.02.HB.Tongue,31.89574544,-5.74430742,29.31069635
797.41.HE.Tongue,32.1992178,-10.06364785,26.0866779
797.30.HA.Tongue,32.1821705,-10.47750514,24.41562886
797.30.HB.Tongue,32.03876119,-10.53075014,23.42592492
797.19.HB.Tongue,31.97805706,-7.091387237,27.65834598
797.63.HA.Tongue,31.97744449,-9.868500911,22.50964592
797.56.HC.Tongue,32.11949566,-6.61021668,31.31960047
797.53.HA.Tongue,30.94166828,-1.91763654,19.23287328
797.54.HA.Tongue,31.99523963,-7.15694859,30.57438197
797.64.HB.Tongue,32.19102354,-6.208977603,31.70187132
797.71.HA.Tongue,32.42623858,-8.361969126,33.70344749
797.59.HD.Tongue,31.60132671,-6.190457965,24.78905242
797.62.HE.Tongue,32.69598898,-12.38553725,32.00956523
797.66.HB.Tongue,33.11478296,-15.99933673,31.46138231
797.1318.Forehead,-99.83839977,3.933232046,0.066356674
797.12.HD.Forehead,-10.70721043,-5.826671425,-3.682501832
797.13.HA.Forehead,-110.6098342,4.17991744,1.724244704
797.373.Stool,29.40807794,8.862820316,0.469670182
797.71.CB.Tongue,29.93572279,8.508884398,4.892359534
797.53.CA.Tongue,29.04531071,9.442176873,4.756381484
797.18.CC.BackRightPaw,28.50187365,8.742124224,3.303528056
797.12.HA.LeftPalm,30.95122182,-17.24202591,-4.62094868
797.03.HA.LeftPalm,-99.10289935,3.884273041,1.379173227
797.63.HD.Forehead,-145.6165151,3.248066275,0.790980287
797.21.HB.Stool,31.69732601,20.69465436,-9.192807303
797.71.CA.Tongue,30.3822079,10.44530897,5.626025491
797.18.CA.Tongue,30.27539705,9.268295243,6.296266479
797.49.CB.Tongue,23.79821476,8.726585177,3.132318666
797.66.CB.Tongue,29.29587955,10.00901638,5.520762043
797.03.CA.Tongue,30.62490809,10.20195827,7.071363259
797.05.HA.LeftPalm,9.343508343,-10.86167651,-8.288981056
797.52.HB.Tongue,32.53893688,-8.088584508,36.03492357
797.48.HA.Stool,31.49049478,-2.438724414,23.40888637
797.22.HC.Stool,30.92199666,17.14209638,-6.650950104
797.12.HB.Stool,32.63749761,31.3721022,-22.23989203
797.25.HA.LeftPalm,-95.87471172,1.73699852,1.714665876
797.1318.LeftPalm,-14.90541135,20.45275411,-13.07032142
797.50.HA.Tongue,31.90953116,-8.96320892,24.49135275
797.59.HC.Tongue,32.68529762,-8.058319709,37.18012561
797.26.CA.FrontLeftPaw,28.68387159,10.95736662,4.075799075
797.64.CA.Tongue,31.02304901,12.32785663,7.400389345
797.18.CB.Tongue,31.17747598,12.83741944,7.54277601
797.66.CA.Tongue,29.71577621,8.438171814,3.997313852
797.50.CA.Tongue,29.56802424,7.843647133,3.565045724
797.48.CA.Tongue,26.91668362,8.825244259,4.225525999
797.1265.Tongue,32.919083,-8.117469345,44.06057716
797.05.HC.RightPalm,0.437553996,-14.17409409,-8.60948651
797.21.HA.Forehead,-126.8157957,2.111549065,0.799002491
797.1282.RightPalm,-1.590519484,18.1485857,-9.562013471
797.71.HC.Tongue,33.63676243,-18.49095321,37.22463848
797.23.HA.Tongue,30.38449181,-7.277006507,20.86267631
797.1148.Stool,31.57554255,-4.249018459,22.25354909
797.35.HD.Stool,29.14995551,6.521972886,3.0041994
797.71.HB.Stool,32.35018164,24.22656513,-5.853122922
797.02.HC.RightPalm,31.04135751,-41.34194072,-23.04660295
797.49.HB.Tongue,32.17567601,-39.87663613,-19.6256745
797.59.HC.LeftPalm,-1.16754568,-0.017911657,4.552321338
797.49.HA.Forehead,-128.8554423,3.583819704,1.036081867
797.64.HA.LeftPalm,-34.69413375,5.396631945,2.253967159
797.69.HA.Stool,34.38583567,45.71673975,-38.30256039
